store_location,store_total_revenue,store_avg_revenue,store_transactions,store_avg_qty,store_revenue_share_pct
Hell's Kitchen,236511.17,4.661696462008476,50735,1.4139548635064552,33.84
Astoria,232243.91,4.589891302199648,50599,1.4030119172315658,33.23
Lower Manhattan,230057.25,4.814726256749403,47782,1.5014440584320456,32.92
